Number_of_Priors,Age_Above_FourtyFive,Age_Below_TwentyFive,Female,Misdemeanor,ethnicity,jobhelp,wage
0.210802819,no,no,Male,no,African_American,0,0.795494163
0,no,no,Male,no,African_American,1,0.977245139
0,no,no,Male,yes,African_American,1,1.168675237
0,no,no,Male,no,African_American,0,1.007075755
0,no,yes,Male,no,African_American,1,0.913012711
0,no,no,Male,yes,African_American,0,1.187091857
0.632408457,no,yes,Male,yes,African_American,0,0.797170349
0,no,yes,Male,no,African_American,1,0.781168754
0.632408457,yes,no,Male,yes,African_American,0,0.683620458
0,no,yes,Female,no,African_American,1,0.856412286
0.210802819,yes,no,Male,no,African_American,1,0.901295621
0.210802819,no,no,Male,no,Caucasian,1,0.957716829
1.897225372,no,no,Male,no,African_American,1,1.080613608
1.054014096,yes,no,Male,yes,Caucasian,1,0.916531161
1.264816915,no,yes,Male,no,African_American,1,0.822414146
2.740436649,yes,no,Male,yes,Caucasian,1,1.269695271
0.210802819,no,no,Female,yes,African_American,1,0.92212543
0.421605638,no,no,Male,no,African_American,0,0.671468476
0,no,no,Male,no,Caucasian,1,1.172653613
0.210802819,no,no,Male,yes,African_American,0,0.80382111
0,no,no,Male,yes,Caucasian,0,0.99872124
0.421605638,no,no,Male,no,African_American,0,0.828438357
0,no,yes,Male,no,African_American,0,0.802487495
1.686422553,no,no,Male,no,Caucasian,1,0.998346162
0.632408457,no,no,Male,no,African_American,0,0.789409374
0.210802819,yes,no,Male,yes,African_American,0,0.594788202
0,no,yes,Female,no,African_American,0,0.987388233
0.210802819,yes,no,Male,yes,Caucasian,1,0.836535814
0.421605638,yes,no,Male,no,African_American,0,0.642424205
1.897225372,no,no,Male,no,African_American,1,1.17330336
0.210802819,no,no,Male,no,Caucasian,1,0.964649129
1.264816915,no,no,Male,no,Caucasian,1,0.997405629
1.264816915,no,no,Male,yes,African_American,1,1.070122768
0.210802819,no,no,Male,yes,Caucasian,1,1.012864602
1.475619734,no,no,Male,yes,Caucasian,1,1.133189416
2.740436649,no,no,Female,no,African_American,1,1.195334196
1.054014096,no,no,Male,yes,African_American,1,1.012356021
0,no,no,Female,no,Caucasian,0,1.093827955
3.372845106,yes,no,Male,no,African_American,0,0.719867062
2.951239468,no,no,Male,no,African_American,1,1.107791545
3.583647925,no,no,Male,no,Caucasian,0,0.832887469
0.421605638,no,no,Female,yes,African_American,0,0.82942293
0.843211277,no,no,Female,no,Caucasian,1,0.865460352
0.843211277,yes,no,Male,no,Caucasian,0,1.042214404
3.794450744,no,no,Male,no,African_American,1,1.357839996
1.264816915,no,no,Male,no,African_American,1,0.870248071
2.31883101,yes,no,Male,yes,African_American,0,0.710512307
1.475619734,no,no,Male,no,African_American,0,0.804406559
1.264816915,no,no,Male,no,African_American,0,0.931118888
0,yes,no,Male,yes,African_American,0,0.891697749
0,yes,no,Male,no,African_American,0,0.925655429
0,no,no,Male,no,African_American,1,0.997149395
3.162042287,no,no,Male,no,African_American,1,1.161926359
0,yes,no,Female,yes,Caucasian,1,1.146667866
0.210802819,no,no,Male,no,Caucasian,0,0.877675857
1.686422553,no,no,Male,no,African_American,0,1.013749431
0.421605638,no,no,Female,no,Caucasian,1,0.79868256
0.210802819,no,yes,Male,no,African_American,1,0.831284316
0.632408457,yes,no,Male,yes,African_American,1,0.825703287
0,no,no,Male,no,African_American,0,1.021828998
0.632408457,no,no,Male,yes,Caucasian,1,1.001934631
0,no,no,Male,yes,Caucasian,0,1.051008436
2.52963383,no,no,Male,no,African_American,0,0.817228283
2.31883101,no,no,Female,no,African_American,1,0.985041309
0,yes,no,Female,yes,Caucasian,1,0.898364741
0.210802819,no,yes,Male,no,African_American,0,0.780818209
1.054014096,yes,no,Male,no,African_American,0,0.795840615
2.108028191,no,no,Male,no,African_American,0,0.855314495
1.897225372,no,no,Male,yes,African_American,1,1.136335985
0.843211277,no,no,Female,no,African_American,1,1.161856588
0,yes,no,Female,no,African_American,0,0.852082949
0.843211277,no,no,Female,yes,African_American,1,0.728126566
0.210802819,no,no,Male,no,African_American,1,0.976885587
0.210802819,no,no,Male,yes,African_American,0,0.781536341
0.843211277,no,no,Male,no,African_American,1,0.867833687
0.210802819,no,yes,Male,no,African_American,1,0.87908089
1.686422553,no,no,Female,no,Caucasian,1,1.040566611
2.31883101,no,no,Male,no,African_American,0,0.735084843
0,yes,no,Male,yes,Caucasian,0,1.018295701
0,no,yes,Female,no,Caucasian,1,0.986206873
0.210802819,no,yes,Male,no,African_American,0,0.750576585
0,no,yes,Male,no,African_American,0,0.939279869
1.054014096,no,no,Female,no,African_American,1,0.919013941
0,no,yes,Male,no,African_American,1,0.966559081
1.686422553,no,no,Male,no,African_American,0,0.828192639
2.740436649,no,no,Male,no,African_American,1,1.157778395
0,no,no,Male,no,African_American,1,1.115925272
0.421605638,no,no,Male,yes,African_American,1,0.936639514
0.210802819,yes,no,Male,no,African_American,1,0.739012556
1.686422553,no,no,Male,yes,African_American,0,0.971739675
0.210802819,no,yes,Female,no,Caucasian,1,0.925533498
0,no,no,Female,no,Caucasian,1,1.156371261
1.475619734,no,no,Male,yes,African_American,0,0.874160419
1.897225372,no,no,Male,no,African_American,0,0.789140102
1.264816915,no,no,Male,no,Caucasian,1,1.172238337
1.897225372,yes,no,Male,no,African_American,1,0.881462624
0,no,no,Male,yes,African_American,0,1.244499324
0.210802819,no,yes,Male,no,Caucasian,1,0.986709523
0,no,no,Male,no,Caucasian,1,1.076705568
0.421605638,no,yes,Female,no,African_American,0,0.652449912
0.421605638,no,yes,Male,yes,African_American,1,0.723584587
0.210802819,yes,no,Male,no,Caucasian,1,0.847101443
1.054014096,no,no,Male,no,Caucasian,1,0.981034019
2.52963383,yes,no,Male,yes,African_American,0,0.715842733
0.632408457,no,no,Female,no,African_American,1,0.822466604
0,no,no,Male,yes,African_American,0,0.99550735
0.421605638,yes,no,Male,no,Caucasian,1,0.766671456
2.108028191,no,no,Male,yes,African_American,0,0.696373783
0.210802819,no,yes,Male,yes,African_American,1,0.733771416
0.421605638,no,no,Female,no,Caucasian,0,0.996254819
0,no,no,Male,yes,African_American,0,0.944089133
0,no,no,Male,no,African_American,1,1.062682564
0,no,yes,Male,no,African_American,1,0.750621287
0,no,no,Male,yes,Caucasian,1,1.094459211
0.210802819,no,yes,Female,no,African_American,1,0.824393583
0,no,yes,Male,no,African_American,1,0.93057339
5.480873297,no,no,Male,no,African_American,0,0.860623654
0.210802819,no,no,Female,no,African_American,0,0.787938778
0,yes,no,Male,yes,Caucasian,0,0.918539441
0,no,no,Male,yes,Caucasian,0,1.002656787
0,no,no,Male,yes,Caucasian,0,1.111834136
0.632408457,no,no,Female,no,African_American,1,0.822843461
1.475619734,no,no,Male,no,African_American,0,0.802128052
4.216056383,yes,no,Male,no,African_American,1,1.146321554
3.794450744,yes,no,Male,yes,African_American,0,0.952480132
0,no,yes,Male,yes,African_American,1,0.836884762
0.210802819,no,no,Male,no,Caucasian,0,0.923817878
1.897225372,no,no,Male,no,African_American,0,0.857826554
0.632408457,no,yes,Male,no,Caucasian,1,0.771536209
1.054014096,no,no,Male,no,African_American,1,0.948295965
0,no,yes,Male,no,Caucasian,1,1.1554098
1.475619734,yes,no,Male,no,African_American,0,0.7961852
0,no,no,Male,no,African_American,1,1.004131805
1.686422553,no,no,Male,no,African_American,0,0.808630397
0,no,no,Female,no,African_American,0,0.814382825
0.421605638,no,no,Female,no,Caucasian,1,1.061942225
0.210802819,no,no,Male,yes,Caucasian,1,0.785182675
0,yes,no,Male,no,Caucasian,0,1.076801153
0.421605638,no,yes,Female,no,African_American,1,1.002511511
0,yes,no,Male,yes,Caucasian,1,0.86555071
0.210802819,no,no,Male,yes,African_American,1,0.943779852
0,no,yes,Male,no,Caucasian,1,0.974121004
0,no,no,Male,no,Caucasian,1,0.954520816
1.054014096,no,no,Male,no,African_American,0,0.709446445
1.686422553,yes,no,Female,no,Caucasian,1,0.82065515
2.108028191,yes,no,Male,no,African_American,1,0.909096863
0.210802819,yes,no,Female,no,African_American,0,0.614006006
0.421605638,yes,no,Male,yes,African_American,0,0.821213028
0.843211277,no,no,Male,yes,Caucasian,1,1.218012627
0,no,no,Female,yes,Caucasian,1,0.979235018
3.794450744,no,no,Male,yes,African_American,0,0.931959647
0.421605638,no,no,Male,yes,Caucasian,0,0.979938639
2.31883101,no,no,Male,no,African_American,1,1.115661313
0,yes,no,Male,yes,Caucasian,1,0.904079789
1.264816915,no,no,Male,no,African_American,0,0.838125801
0,yes,no,Male,no,Caucasian,1,0.972349926
3.162042287,yes,no,Male,no,African_American,1,1.124118132
1.264816915,yes,no,Male,no,African_American,1,0.839922838
0.632408457,no,yes,Male,no,Caucasian,1,0.965869857
0.421605638,no,yes,Female,yes,African_American,0,0.71323479
0.210802819,no,no,Male,no,African_American,1,0.982092098
0.210802819,yes,no,Male,no,Caucasian,1,0.721478904
2.108028191,yes,no,Male,no,African_American,0,0.63160116
0.210802819,yes,no,Male,yes,Caucasian,0,1.182791101
0,no,yes,Male,yes,African_American,0,0.859171144
1.686422553,no,no,Male,no,African_American,1,1.048914167
0,no,yes,Female,no,Caucasian,1,1.065726757
0,no,yes,Male,no,Caucasian,0,0.952773511
0.421605638,no,no,Male,yes,African_American,1,0.945205814
0,no,yes,Male,no,African_American,1,0.937585576
0.210802819,no,no,Male,no,Caucasian,1,0.899772519
0,no,no,Male,no,Caucasian,1,1.106550666
0,yes,no,Male,yes,Caucasian,1,0.996599071
0,yes,no,Male,no,Caucasian,1,1.237193106
0,no,no,Male,yes,Caucasian,0,1.028547623
0,no,no,Female,yes,African_American,1,0.896192875
4.005253563,yes,no,Male,no,African_American,1,1.154311345
0,yes,no,Male,no,African_American,1,0.931535094
0.210802819,no,no,Male,no,African_American,0,0.894619128
0.632408457,no,no,Male,no,Caucasian,0,0.855198093
0,no,no,Male,no,African_American,0,0.899125537
0,no,no,Male,yes,African_American,0,1.134643515
0.210802819,no,no,Female,no,African_American,0,0.815639176
3.162042287,yes,no,Male,no,African_American,1,0.983292742
0,yes,no,Male,yes,Caucasian,0,0.976648998
0,no,no,Female,yes,Caucasian,1,1.080475531
2.740436649,yes,no,Male,no,African_American,0,0.867386
0.210802819,no,no,Male,no,African_American,1,0.879590015
0.210802819,yes,no,Male,yes,Caucasian,1,0.899401472
0.210802819,no,yes,Female,yes,African_American,1,0.722377054
0,no,yes,Female,no,African_American,0,0.921676117
0.421605638,no,no,Male,no,Caucasian,1,0.910213419
2.108028191,no,no,Male,yes,African_American,1,1.070306044
0.210802819,no,no,Male,no,Caucasian,0,0.814355041
0.632408457,no,no,Male,no,African_American,1,0.790388311
1.264816915,yes,no,Male,no,African_American,1,1.097544139
0.421605638,no,no,Male,no,African_American,1,0.954072379
1.475619734,no,yes,Male,no,African_American,1,0.779946686
0.210802819,no,no,Male,yes,Caucasian,1,0.861793836
0,no,no,Male,no,Caucasian,1,0.988209173
1.897225372,no,no,Male,yes,African_American,1,1.285651037
0.210802819,no,no,Male,no,Caucasian,1,1.061323168
5.270070478,no,no,Male,no,African_American,1,1.350840965
0,no,no,Male,no,African_American,1,1.055821784
0.421605638,no,no,Male,yes,Caucasian,1,0.901573223
0,no,no,Male,yes,African_American,0,0.953491575
0.210802819,no,no,Male,no,African_American,0,0.774169037
0.210802819,no,no,Male,yes,Caucasian,1,0.863351879
0.210802819,no,yes,Male,no,African_American,1,0.950580432
0.421605638,no,no,Male,no,African_American,0,0.844611756
0.632408457,yes,no,Male,no,Caucasian,1,0.87523675
0.421605638,no,no,Male,no,Caucasian,1,0.966828651
0,no,no,Male,yes,Caucasian,1,1.231164449
0,no,no,Female,no,Caucasian,1,1.049702612
0.843211277,no,no,Female,yes,Caucasian,1,0.889836781
0.210802819,no,yes,Male,no,African_American,0,0.932427695
0.210802819,yes,no,Male,no,Caucasian,1,0.777922931
3.794450744,no,no,Male,yes,African_American,0,0.780245642
0,no,yes,Male,no,Caucasian,1,0.883709127
0,no,no,Male,no,African_American,1,0.879438563
4.84846484,yes,no,Male,no,Caucasian,1,1.229065295
0.210802819,no,no,Male,yes,African_American,1,0.934828347
5.059267659,no,no,Male,no,African_American,1,1.473304704
0.843211277,no,yes,Male,no,Caucasian,1,0.957643475
1.686422553,no,no,Male,yes,African_American,1,0.982929816
0.632408457,no,no,Male,yes,Caucasian,1,0.969233725
1.897225372,no,no,Male,no,African_American,0,0.781965347
0.421605638,no,no,Female,yes,African_American,0,0.78078979
2.740436649,yes,no,Male,yes,African_American,0,0.842496069
0.210802819,no,yes,Male,yes,Caucasian,1,0.724507924
0,no,no,Male,no,Caucasian,1,1.315954538
0.210802819,no,yes,Male,no,African_American,1,0.762088988
0,no,yes,Male,no,African_American,1,0.921685672
0,yes,no,Male,no,Caucasian,1,0.928808432
0.210802819,no,no,Male,no,African_American,0,0.794179607
1.054014096,no,no,Male,yes,African_American,0,0.726602523
0,no,yes,Male,no,African_American,0,0.881873754
2.108028191,no,no,Female,no,African_American,0,0.89278836
0,no,no,Female,no,Caucasian,1,1.132962032
0.421605638,no,yes,Male,no,African_American,1,0.716982882
0.632408457,no,no,Male,yes,African_American,0,0.774167269
0,no,no,Male,no,Caucasian,1,1.051020299
0,no,no,Female,yes,Caucasian,1,1.261376648
0,no,yes,Male,no,African_American,0,0.792498575
0.210802819,no,yes,Male,no,Caucasian,0,0.782254185
0,no,yes,Male,no,African_American,0,1.109535235
0.421605638,yes,no,Male,no,African_American,0,0.73995332
0.421605638,no,no,Male,yes,African_American,1,0.7650171
0,yes,no,Male,no,Caucasian,1,0.935684489
0,no,no,Female,yes,Caucasian,1,1.149743657
1.897225372,no,no,Male,no,Caucasian,0,0.863136351
0,yes,no,Male,yes,Caucasian,0,0.945361735
0.632408457,no,no,Female,no,Caucasian,1,0.929433796
0,no,yes,Male,no,African_American,0,0.909090737
0,no,no,Female,yes,African_American,1,1.173335887
0.843211277,yes,no,Male,no,African_American,0,0.741182592
0.210802819,no,no,Female,yes,Caucasian,1,1.035217099
0,no,yes,Male,yes,African_American,1,0.965107158
0.210802819,no,yes,Male,no,African_American,0,0.738700337
0.843211277,no,yes,Male,no,Caucasian,0,0.657880728
0,no,yes,Male,no,African_American,0,0.849222803
0,no,no,Male,no,African_American,0,0.952193465
0,no,yes,Male,no,African_American,1,0.904726578
0,yes,no,Male,yes,Caucasian,1,1.13885101
1.897225372,yes,no,Male,no,African_American,1,1.197451768
0,yes,no,Female,no,Caucasian,1,1.167375546
0,yes,no,Male,yes,African_American,0,0.886773157
0,yes,no,Male,yes,Caucasian,0,0.838909253
0.210802819,no,yes,Male,no,Caucasian,1,0.782948345
0,no,no,Male,no,Caucasian,1,1.108960631
0,yes,no,Female,yes,African_American,0,0.988174259
0,no,no,Female,no,Caucasian,1,1.201037368
0,no,no,Female,no,African_American,1,1.070826674
0,no,yes,Female,no,African_American,1,0.769769161
0,no,yes,Male,yes,Caucasian,0,1.088678205
0.843211277,no,no,Male,yes,African_American,1,0.890647795
0,no,no,Male,yes,Caucasian,0,1.117633944
1.686422553,no,yes,Male,no,African_American,0,0.757482976
0,no,yes,Female,yes,African_American,1,0.943746534
1.475619734,yes,no,Male,no,Caucasian,1,0.950032518
0.843211277,yes,no,Male,no,Caucasian,1,0.730734423
2.951239468,yes,no,Female,yes,African_American,0,0.826429555
0,yes,no,Female,no,Caucasian,1,1.03935742
0.421605638,no,no,Male,yes,African_American,0,0.823784588
0.210802819,no,yes,Male,yes,African_American,1,0.782964799
0.843211277,no,no,Male,no,African_American,0,0.863494099
2.31883101,no,no,Female,no,Caucasian,0,0.922348004
0,no,no,Female,no,Caucasian,1,1.278314016
0,yes,no,Female,yes,Caucasian,1,0.978333135
0.421605638,yes,no,Female,no,African_American,0,0.766948563
2.52963383,no,no,Male,no,African_American,0,0.973937772
1.264816915,no,yes,Male,no,African_American,1,0.98765679
0.210802819,no,yes,Male,no,Caucasian,1,0.942422426
2.740436649,no,no,Male,no,African_American,0,0.79388891
0.210802819,no,yes,Male,no,African_American,1,0.992786319
0.843211277,yes,no,Male,yes,Caucasian,1,0.891013509
0.843211277,no,no,Female,no,African_American,0,1.055247795
2.31883101,no,no,Female,no,African_American,1,0.955520147
0.632408457,no,yes,Male,no,African_American,1,0.815341407
0.421605638,no,no,Male,yes,Caucasian,0,1.033138773
0.843211277,no,no,Male,yes,African_American,0,0.78097373
0,no,no,Male,no,Caucasian,0,1.027494053
1.475619734,no,no,Male,no,African_American,0,0.760415791
0,no,yes,Male,no,African_American,0,0.800098274
0.210802819,no,no,Male,no,African_American,1,0.828306098
1.054014096,no,no,Male,no,African_American,0,0.88367242
0.421605638,no,no,Female,yes,African_American,1,0.709728686
2.108028191,no,no,Female,yes,African_American,1,1.082227137
1.054014096,no,no,Male,no,African_American,1,1.087040953
0,yes,no,Male,yes,Caucasian,1,1.226000692
1.054014096,no,no,Male,no,African_American,0,0.988962317
0,no,yes,Male,no,Caucasian,1,1.078614639
0,no,no,Female,yes,African_American,1,0.841412678
2.52963383,yes,no,Male,yes,African_American,0,0.691622648
0.421605638,yes,no,Male,no,Caucasian,1,0.807568393
0,no,yes,Male,yes,African_American,0,0.972886189
0,no,no,Male,no,Caucasian,1,1.089488503
0.210802819,no,yes,Male,no,African_American,1,0.652814276
1.686422553,no,yes,Male,no,African_American,0,0.933461443
1.686422553,no,no,Male,yes,African_American,1,1.114063655
0,no,no,Male,no,African_American,0,1.024027137
0.421605638,no,no,Male,yes,African_American,1,1.021701005
0,yes,no,Female,yes,Caucasian,1,0.874697271
0.632408457,no,no,Male,no,Caucasian,0,0.968314347
3.372845106,no,no,Male,no,African_American,0,0.799052427
0,no,no,Female,yes,Caucasian,1,1.170766291
0.210802819,yes,no,Male,yes,Caucasian,1,0.815016546
0.421605638,no,no,Male,yes,African_American,0,0.91534221
1.897225372,no,no,Male,yes,Caucasian,1,1.232602959
0,no,no,Male,yes,African_American,0,1.000729275
0,yes,no,Male,no,Caucasian,1,1.107113152
0.632408457,no,yes,Male,no,African_American,0,0.637946839
2.740436649,no,no,Male,no,African_American,0,0.78038161
1.054014096,no,no,Male,no,Caucasian,0,1.064069169
0.421605638,no,no,Female,no,African_American,1,0.930620513
5.059267659,no,no,Male,yes,African_American,0,0.664466255
0,no,no,Female,yes,African_American,1,0.872490298
0.210802819,yes,no,Male,no,Caucasian,0,0.780122121
0.210802819,no,no,Male,yes,African_American,1,0.961516635
0.210802819,no,no,Male,no,African_American,1,0.860943682
0.210802819,yes,no,Female,no,Caucasian,1,0.885488251
0.632408457,no,no,Male,no,African_American,0,0.950649585
0.843211277,no,yes,Male,no,African_American,1,1.016200054
0.421605638,no,no,Male,yes,African_American,1,0.897777956
0,no,no,Male,no,Caucasian,1,1.094815297
0.843211277,no,yes,Female,no,Caucasian,1,0.72350643
0.632408457,no,no,Female,no,African_American,1,0.923223099
0,no,no,Male,yes,African_American,1,0.94441933
2.52963383,no,no,Male,no,African_American,0,0.757192187
0.210802819,yes,no,Male,yes,Caucasian,1,0.803250524
0,no,no,Male,no,African_American,0,1.106823629
0,yes,no,Female,no,Caucasian,0,0.819324672
3.372845106,yes,no,Male,no,African_American,1,1.045456556
0,no,no,Male,yes,Caucasian,1,1.111732015
0,yes,no,Male,no,Caucasian,1,0.914552178
0,no,no,Male,yes,Caucasian,1,1.133954007
0.210802819,yes,no,Male,no,African_American,0,0.792001093
0,no,no,Male,no,Caucasian,1,1.096701835
0,yes,no,Female,no,Caucasian,1,0.781461168
0.632408457,no,yes,Male,yes,Caucasian,1,1.156474531
0,no,no,Male,yes,Caucasian,1,1.079679378
0,no,yes,Male,no,Caucasian,1,1.067286374
0,no,no,Male,no,African_American,1,1.027754833
0.210802819,no,no,Male,no,African_American,1,0.978981381
1.897225372,no,no,Male,yes,Caucasian,1,1.17492432
0.632408457,yes,no,Male,yes,African_American,0,0.729239218
0.210802819,no,no,Female,no,African_American,0,0.888540931
0,no,no,Male,no,Caucasian,1,1.009790539
0.210802819,yes,no,Male,no,Caucasian,0,0.889471048
0.421605638,no,yes,Female,no,African_American,1,0.747103365
0.632408457,no,no,Male,yes,African_American,1,1.186624097
0,yes,no,Male,yes,Caucasian,1,0.847804774
0.210802819,no,yes,Male,yes,African_American,0,0.70466124
0.632408457,no,no,Male,yes,African_American,0,0.936039927
0.210802819,no,yes,Male,no,Caucasian,1,0.873417123
1.475619734,yes,no,Male,no,Caucasian,1,0.890317667
0,no,no,Female,no,African_American,0,0.905128755
0,no,no,Female,yes,African_American,1,1.014552441
0.210802819,no,no,Male,no,African_American,0,0.848570282
0.632408457,no,no,Female,yes,Caucasian,0,0.736082385
0,yes,no,Male,no,African_American,0,0.903461082
0,no,yes,Male,no,African_American,1,0.919205122
0.421605638,yes,no,Male,yes,African_American,1,0.809786743
0.421605638,no,no,Male,yes,Caucasian,1,0.842033503
1.054014096,no,no,Male,no,African_American,1,1.004166458
1.054014096,no,no,Male,no,African_American,0,0.997811417
0,no,yes,Female,no,Caucasian,1,1.046680409
1.054014096,no,no,Male,yes,African_American,1,0.848053075
0.210802819,no,yes,Male,no,African_American,0,0.707370757
0,no,no,Male,no,African_American,0,1.035216271
1.264816915,no,no,Male,no,African_American,1,0.91382604
0,no,no,Female,no,Caucasian,1,0.905924967
1.054014096,no,no,Male,no,African_American,0,0.942452405
0,no,yes,Female,no,African_American,1,0.820399227
0.632408457,yes,no,Male,no,Caucasian,0,0.744257828
0.210802819,no,no,Male,no,African_American,1,1.033367799
1.897225372,no,no,Male,yes,African_American,0,0.775506158
1.054014096,no,yes,Male,no,African_American,0,0.838252451
0.210802819,no,no,Male,no,African_American,1,0.752634927
0,no,no,Male,no,African_American,0,0.965166899
0.421605638,no,yes,Male,no,African_American,1,0.784831948
0,no,yes,Male,no,Caucasian,1,0.889705169
0,no,yes,Female,yes,Caucasian,1,0.938497744
0.210802819,no,no,Female,no,African_American,1,0.868200282
0,yes,no,Male,yes,Caucasian,0,1.0693699
0,yes,no,Female,yes,Caucasian,1,0.847847364
0.632408457,no,yes,Male,no,African_American,0,0.715629147
0,no,no,Female,yes,African_American,0,1.078574912
0.843211277,no,no,Female,no,Caucasian,0,0.847544937
0,no,no,Female,no,African_American,1,1.022989468
1.054014096,no,no,Male,no,Caucasian,0,0.950454426
0.421605638,yes,no,Male,no,Caucasian,0,0.827145403
4.005253563,no,no,Male,no,African_American,0,0.917506727
0.843211277,no,no,Male,yes,African_American,0,0.837804114
0.421605638,no,no,Male,yes,African_American,1,0.851636876
0.843211277,no,no,Male,yes,Caucasian,1,0.752052874
0.421605638,no,no,Male,yes,Caucasian,1,0.932909519
0,no,no,Male,no,Caucasian,1,1.143967616
0.210802819,no,yes,Male,no,Caucasian,1,0.876079351
0.421605638,yes,no,Male,yes,Caucasian,1,0.788146255
0.843211277,no,no,Male,no,Caucasian,1,1.179087057
0.210802819,yes,no,Female,yes,Caucasian,0,0.829056581
1.686422553,yes,no,Male,yes,African_American,0,0.762711701
0.210802819,no,no,Male,no,Caucasian,1,1.056754703
0.632408457,no,no,Female,no,African_American,1,0.843914475
0.210802819,no,no,Male,no,African_American,0,0.80596511
0.421605638,no,no,Male,no,African_American,0,1.120925338
0.210802819,no,yes,Male,no,Caucasian,0,0.801113538
0.421605638,no,yes,Male,no,African_American,0,0.927456781
0.421605638,no,yes,Male,no,African_American,1,0.658177629
0.421605638,yes,no,Male,no,Caucasian,0,0.781128656
0,no,no,Male,yes,Caucasian,1,1.138567532
0.843211277,no,no,Male,yes,Caucasian,1,1.014779634
1.686422553,yes,no,Male,no,African_American,1,0.822969827
0,no,no,Female,yes,Caucasian,1,1.101927783
0,yes,no,Male,no,Caucasian,1,0.897859156
2.31883101,no,no,Male,yes,African_American,0,0.923871489
0.421605638,no,no,Male,yes,African_American,1,1.006740404
1.686422553,no,no,Male,no,African_American,0,0.650515992
0.210802819,no,no,Male,no,African_American,1,1.002608751
0,no,yes,Female,no,African_American,0,0.783287577
0.632408457,no,no,Male,yes,African_American,0,0.896526858
0,no,no,Male,no,Caucasian,1,1.168216317
2.31883101,no,no,Male,no,African_American,0,0.830209472
0,no,no,Male,no,African_American,1,0.93752543
1.475619734,no,no,Male,no,Caucasian,0,0.916669514
0.421605638,yes,no,Male,no,Caucasian,1,0.887019482
0,no,no,Male,yes,Caucasian,1,1.192348846
0.210802819,no,no,Male,yes,African_American,0,0.664456957
0.421605638,no,no,Male,yes,African_American,1,0.741209948
0,yes,no,Female,yes,Caucasian,0,1.153776222
1.054014096,no,no,Male,yes,African_American,0,0.960336236
1.475619734,no,no,Male,no,African_American,0,0.894490174
0.421605638,yes,no,Male,yes,African_American,1,0.866297878
0.843211277,yes,no,Male,yes,Caucasian,0,0.896055134
0.632408457,no,no,Male,yes,African_American,1,0.67960925
0,no,no,Male,yes,Caucasian,1,1.21742587
1.054014096,no,no,Male,no,Caucasian,1,0.95805993
0.210802819,yes,no,Male,no,African_American,1,0.794409942
0.421605638,yes,no,Female,yes,African_American,0,0.720915556
1.475619734,no,no,Male,no,African_American,0,0.941111057
0,no,no,Male,no,African_American,0,0.965752929
0,no,no,Female,yes,Caucasian,0,1.153218145
0.210802819,no,yes,Male,no,African_American,0,0.711684834
0,no,no,Female,no,African_American,1,0.896480515
0.843211277,no,no,Male,yes,African_American,0,0.978626099
0.210802819,no,yes,Male,yes,African_American,0,0.826903724
1.686422553,no,no,Male,yes,African_American,0,1.038184158
0.632408457,no,yes,Male,yes,African_American,0,0.756536665
2.740436649,yes,no,Male,yes,African_American,1,1.143116229
0.210802819,no,no,Male,yes,Caucasian,1,1.139484404
0,no,yes,Female,yes,African_American,1,0.872244258
0.210802819,yes,no,Male,no,Caucasian,1,0.697162697
0.421605638,no,yes,Male,no,Caucasian,1,0.818509581
0,no,no,Male,yes,African_American,1,0.978823319
4.216056383,yes,no,Male,no,African_American,1,1.186889307
1.686422553,no,no,Male,yes,African_American,1,1.205406519
2.740436649,no,no,Male,no,African_American,0,0.817911725
0,no,no,Male,yes,Caucasian,0,1.138004859
0.421605638,no,no,Male,no,Caucasian,1,0.919649401
0.210802819,no,yes,Male,no,African_American,0,0.752047163
0,no,no,Male,no,Caucasian,1,1.131904131
0,yes,no,Male,yes,Caucasian,0,1.14204609
0.421605638,no,yes,Male,no,Caucasian,1,0.854366291
0.210802819,no,yes,Male,no,African_American,1,0.844966697
2.740436649,yes,no,Male,no,African_American,1,1.105043086
0,no,no,Male,yes,Caucasian,1,1.195791932
0.421605638,no,no,Male,no,African_American,1,0.836339618
0.843211277,no,no,Male,no,Caucasian,1,1.160990782
0.210802819,no,no,Female,no,African_American,1,0.833701121
0.843211277,no,no,Male,yes,African_American,1,0.923798466
0,no,yes,Male,no,African_American,1,1.050739785
0.632408457,no,yes,Male,yes,African_American,1,0.951395687
1.686422553,no,no,Male,yes,African_American,1,0.915373402
0.210802819,no,yes,Male,yes,African_American,1,0.687475909
0,yes,no,Male,yes,Caucasian,0,0.873010316
2.108028191,no,no,Female,no,Caucasian,0,0.918351068
0,no,no,Male,no,Caucasian,1,1.116620699
3.162042287,no,no,Male,no,African_American,0,0.887082486
0,no,yes,Male,no,African_American,1,0.956768611
0,no,yes,Male,no,Caucasian,0,0.941586289
0,no,no,Male,no,African_American,0,0.905407773
0.421605638,no,no,Female,no,African_American,1,1.000295656
0.210802819,no,yes,Female,no,African_American,0,0.827998553
0,no,yes,Male,no,African_American,0,0.759919367
0,yes,no,Male,yes,Caucasian,1,0.990530377
3.162042287,no,no,Male,no,African_American,0,0.764301601
0.210802819,yes,no,Male,no,African_American,1,0.584038871
0.421605638,no,no,Male,yes,Caucasian,0,0.915125259
0,no,yes,Male,no,Caucasian,1,0.992110119
2.951239468,yes,no,Male,no,African_American,1,1.03543427
0,no,no,Male,yes,African_American,1,1.021850556
0,no,no,Female,yes,Caucasian,1,1.192257348
0,no,no,Female,no,African_American,1,1.020772558
0.210802819,no,no,Male,no,Caucasian,1,0.861298217
0.421605638,no,no,Male,no,African_American,1,0.821315362
0,no,no,Male,no,Caucasian,1,1.0869062
1.897225372,no,no,Male,no,Caucasian,0,0.931487256
0.210802819,yes,no,Female,yes,Caucasian,1,0.722334387
0.632408457,no,no,Male,no,Caucasian,1,0.944978769
0.210802819,yes,no,Male,yes,Caucasian,0,0.901559305
0.210802819,yes,no,Male,yes,Caucasian,1,0.810310685
1.054014096,no,no,Male,no,Caucasian,0,0.832541088
0.632408457,no,no,Female,no,Caucasian,1,0.93602358
0,no,no,Male,yes,African_American,1,1.117914454
0,yes,no,Female,yes,African_American,1,0.956545259
1.054014096,no,no,Male,yes,Caucasian,1,1.137041038
0.210802819,no,no,Male,no,Caucasian,1,0.935087259
2.108028191,yes,no,Male,no,Caucasian,1,1.052683586
0,yes,no,Male,no,Caucasian,0,0.945685052
0.421605638,yes,no,Male,no,African_American,1,0.854567541
0,no,no,Male,no,Caucasian,1,1.05062715
0.210802819,no,yes,Male,no,African_American,1,0.638652475
0.210802819,yes,no,Male,yes,African_American,0,0.762881558
3.794450744,no,no,Male,no,African_American,1,1.444251959
0,no,no,Male,no,Caucasian,1,1.183386121
1.686422553,no,no,Male,no,African_American,0,0.973585981
0.843211277,no,yes,Male,no,African_American,1,0.870858359
0,no,yes,Male,yes,Caucasian,0,0.940958994
0.632408457,no,no,Female,yes,African_American,1,0.893219895
0,no,yes,Male,no,Caucasian,0,0.973045135
0.210802819,no,no,Female,yes,Caucasian,1,0.87529174
0.421605638,no,no,Male,no,African_American,1,0.965115783
1.475619734,no,no,Male,no,African_American,1,0.884716277
2.951239468,no,no,Female,no,African_American,1,1.235624281
0.421605638,no,yes,Male,no,African_American,1,0.882419527
1.054014096,yes,no,Male,yes,Caucasian,1,0.79244404
1.475619734,no,no,Female,no,African_American,1,1.063600216
0,no,no,Female,yes,African_American,1,1.275097524
0.210802819,yes,no,Female,no,Caucasian,1,0.766882742
0,no,yes,Female,yes,African_American,0,0.988162424
0.632408457,yes,no,Male,yes,Caucasian,1,0.788001632
1.054014096,no,no,Male,yes,African_American,0,0.967474403
0.632408457,yes,no,Male,yes,Caucasian,1,0.888537995
0.210802819,no,no,Male,no,Caucasian,0,1.07961904
0,no,yes,Male,no,African_American,0,0.764246653
1.264816915,no,no,Male,no,African_American,0,0.844883346
0,yes,no,Male,yes,Caucasian,1,0.948671667
0,no,no,Male,yes,African_American,1,0.980466807
2.740436649,no,no,Male,no,African_American,0,0.788983028
0,no,no,Male,no,Caucasian,1,1.019997471
0.421605638,no,no,Male,no,Caucasian,0,0.959579612
1.475619734,no,no,Male,no,African_American,0,0.746947388
0,no,yes,Female,no,African_American,1,1.059980382
0.210802819,no,no,Male,yes,Caucasian,1,0.809224929
0,no,no,Female,yes,Caucasian,0,1.110159173
0.632408457,no,no,Female,no,Caucasian,1,1.017985737
1.264816915,no,no,Male,yes,African_American,0,0.91042899
0.210802819,no,no,Male,yes,African_American,0,0.820276044
0.210802819,yes,no,Male,no,Caucasian,0,0.807981886
0.421605638,yes,no,Male,no,Caucasian,1,0.943058789
0,no,no,Male,no,Caucasian,1,0.964463158
0.632408457,yes,no,Male,no,Caucasian,1,0.788044369
0,yes,no,Male,no,Caucasian,1,1.032559046
0,no,no,Male,yes,African_American,1,0.956496454
0.632408457,no,no,Female,no,Caucasian,1,1.110069452
0.632408457,yes,no,Male,no,African_American,0,0.819643469
0,yes,no,Male,yes,Caucasian,1,1.007242778
1.054014096,no,no,Male,no,Caucasian,1,0.865441966
0.632408457,yes,no,Male,yes,Caucasian,0,0.802613432
0,no,yes,Male,no,Caucasian,1,0.96885377
2.951239468,no,no,Male,no,African_American,0,0.839817544
0.843211277,no,no,Male,no,Caucasian,0,0.788557496
0,no,yes,Male,yes,African_American,1,0.95113003
0,no,no,Male,yes,Caucasian,1,1.001319351
0.843211277,no,no,Male,no,Caucasian,1,0.961952893
0.421605638,no,no,Male,no,Caucasian,0,0.938879349
0.421605638,yes,no,Male,yes,Caucasian,0,0.724639286
0.843211277,no,no,Male,no,African_American,0,0.910032047
0,no,no,Male,no,Caucasian,1,0.976646856
0.632408457,yes,no,Male,no,African_American,0,0.505045348
0,no,yes,Male,no,Caucasian,1,1.047594726
1.264816915,no,no,Male,no,African_American,1,1.0641693
0,no,yes,Male,no,African_American,1,0.871820131
2.740436649,no,no,Male,no,Caucasian,0,0.951704967
0.421605638,no,no,Male,no,Caucasian,0,0.790838921
0.421605638,no,no,Male,no,Caucasian,1,0.929526195
0,no,no,Male,no,African_American,0,0.823532852
0,yes,no,Male,yes,Caucasian,0,1.125376998
0.210802819,no,yes,Female,yes,Caucasian,1,1.025491806
0,no,no,Male,no,Caucasian,1,1.213380882
0.421605638,no,yes,Female,yes,Caucasian,1,0.839429603
0,no,no,Male,yes,African_American,1,0.996672514
0.632408457,no,no,Male,no,African_American,1,0.772566979
0.843211277,no,no,Male,yes,African_American,0,0.932246025
1.897225372,no,no,Male,no,African_American,0,0.829147075
0.421605638,no,no,Male,no,Caucasian,1,0.878596383
1.686422553,no,no,Male,no,African_American,0,0.718313392
0.421605638,no,yes,Male,no,African_American,1,0.762629146
3.162042287,yes,no,Male,yes,African_American,1,0.984802753
0.421605638,no,no,Male,yes,Caucasian,0,0.861074786
0,no,no,Male,no,African_American,1,0.885360831
1.475619734,no,no,Male,no,African_American,0,1.033834739
0,no,yes,Female,no,African_American,1,0.898401027
0.210802819,no,no,Male,yes,Caucasian,1,1.034565027
0.421605638,no,no,Female,no,Caucasian,0,0.670920544
0.210802819,yes,no,Male,no,African_American,0,0.705691819
0,no,no,Female,yes,Caucasian,1,1.034682641
1.897225372,no,no,Male,no,African_American,0,0.734889396
0.843211277,yes,no,Male,no,African_American,1,1.001583221
0.632408457,no,no,Male,no,Caucasian,0,0.768030704
0.210802819,yes,no,Male,no,Caucasian,1,0.853431592
1.054014096,yes,no,Male,yes,Caucasian,1,0.993730558
0,no,yes,Male,yes,African_American,0,0.917978725
0.632408457,yes,no,Female,no,African_American,1,0.72943631
0,yes,no,Male,no,Caucasian,1,1.098687824
0.210802819,yes,no,Male,yes,African_American,0,0.767205141
0.210802819,yes,no,Male,no,African_American,0,0.649110093
0.421605638,no,no,Male,yes,Caucasian,1,0.812558386
0.210802819,no,no,Male,no,African_American,0,1.082040507
0.632408457,no,yes,Female,no,Caucasian,1,0.797641175
0,no,yes,Male,no,African_American,0,0.73064135
1.054014096,no,no,Female,no,Caucasian,1,1.060174788
0.210802819,yes,no,Male,no,Caucasian,1,0.852589537
2.52963383,no,no,Female,no,African_American,0,0.723380964
1.264816915,no,yes,Female,no,African_American,0,0.573414433
0,no,no,Male,yes,Caucasian,0,1.088437118
4.426859202,no,no,Male,yes,African_American,0,0.970684466
1.475619734,no,no,Male,yes,Caucasian,0,0.965679265
4.216056383,yes,no,Male,no,African_American,1,1.123507113
0.210802819,yes,no,Male,no,Caucasian,1,0.741046045
1.264816915,no,yes,Male,no,Caucasian,0,0.827477404
0,no,no,Male,no,African_American,1,1.015859787
0,no,yes,Female,no,Caucasian,1,1.06499614
0.843211277,no,no,Male,no,African_American,1,0.89551438
1.264816915,yes,no,Male,yes,African_American,1,0.9705853
0,no,no,Male,yes,Caucasian,0,1.020276461
0,no,no,Male,yes,African_American,1,0.967485859
0,no,no,Male,yes,African_American,0,1.076894518
0.421605638,no,yes,Male,no,Caucasian,1,0.946223729
0,yes,no,Female,yes,Caucasian,0,0.823781075
0,no,yes,Male,no,African_American,0,0.910776695
5.059267659,yes,no,Male,no,African_American,0,0.812769143
2.31883101,no,no,Male,no,African_American,0,0.714950991
0.421605638,no,no,Male,no,Caucasian,1,0.991396857
1.054014096,no,no,Female,no,Caucasian,1,0.925920603
0,no,no,Male,no,Caucasian,1,1.20741149
0.210802819,yes,no,Female,no,African_American,1,0.826404677
4.637662021,yes,no,Male,no,African_American,1,1.293705927
0.210802819,yes,no,Male,yes,Caucasian,0,0.812145093
0.210802819,no,yes,Male,no,African_American,0,0.84020401
0.421605638,no,yes,Male,no,African_American,0,0.898034618
0.421605638,no,no,Male,no,Caucasian,0,1.117287231
2.740436649,no,no,Male,no,Caucasian,0,0.897164522
1.264816915,yes,no,Female,no,African_American,0,0.548591994
2.108028191,yes,no,Male,no,Caucasian,0,0.803157575
0,no,no,Male,yes,Caucasian,1,1.120768853
0,no,no,Male,no,Caucasian,1,1.084585504
4.005253563,yes,no,Male,no,Caucasian,1,1.259000006
0,no,no,Male,no,African_American,1,1.106351646
4.005253563,yes,no,Male,no,African_American,1,1.100045776
0,no,no,Male,no,Caucasian,1,1.071018719
0.421605638,no,no,Female,no,Caucasian,0,0.940586213
0.421605638,no,no,Male,yes,Caucasian,1,0.888624535
0,yes,no,Female,yes,Caucasian,1,1.009168514
1.475619734,no,no,Female,yes,Caucasian,1,0.869433853
4.005253563,yes,no,Female,no,African_American,1,1.044578579
0,no,no,Male,no,African_American,0,0.875661614
0.210802819,no,yes,Male,no,African_American,0,0.668179504
0,no,no,Male,yes,African_American,1,0.933018311
4.637662021,no,no,Male,no,African_American,0,0.888970703
0.632408457,no,no,Female,no,Caucasian,1,1.066436712
0,no,yes,Male,yes,African_American,0,0.829844089
1.054014096,no,no,Male,no,African_American,1,0.860524894
0.421605638,no,yes,Male,no,Caucasian,1,0.74323367
0.843211277,yes,no,Male,yes,Caucasian,0,0.759388792
0.843211277,no,no,Male,yes,African_American,0,0.826380505
2.108028191,no,no,Male,no,Caucasian,0,0.949550265
0.421605638,no,no,Male,no,Caucasian,1,0.910538843
0.632408457,no,no,Female,no,Caucasian,0,0.712329749
0,no,no,Male,no,African_American,1,0.990898246
0,yes,no,Male,no,Caucasian,1,1.126053094
3.794450744,yes,no,Male,yes,Caucasian,1,1.305995369
0.632408457,no,yes,Male,yes,Caucasian,1,0.787376578
0.210802819,no,no,Male,no,Caucasian,1,0.777685901
0.421605638,no,yes,Male,no,African_American,1,1.070812118
1.475619734,no,no,Male,no,African_American,0,0.833888999
0.210802819,no,no,Male,yes,African_American,1,0.861382487
0.210802819,no,no,Male,no,Caucasian,1,0.964034644
0.632408457,no,yes,Male,no,African_American,1,0.664189111
1.054014096,no,no,Male,no,Caucasian,1,0.935167806
1.264816915,no,no,Male,no,African_American,1,0.833715787
0.843211277,no,no,Female,no,African_American,0,0.783037896
0.421605638,no,yes,Male,no,African_American,1,0.804116414
3.372845106,no,no,Male,no,African_American,0,0.722431668
0.421605638,yes,no,Male,yes,Caucasian,0,0.860773403
0,no,yes,Female,yes,African_American,0,0.929357069
0,no,no,Female,no,Caucasian,0,1.013546042
0.421605638,no,no,Male,no,African_American,1,0.915051116
0.421605638,no,no,Male,no,African_American,0,0.927677342
0,no,no,Male,no,Caucasian,0,1.211943656
3.372845106,yes,no,Male,yes,African_American,1,1.066224606
0.843211277,no,no,Male,no,Caucasian,1,0.975001151
0.210802819,no,no,Male,yes,Caucasian,1,0.912446357
0.843211277,no,yes,Male,no,African_American,0,0.905052937
1.054014096,yes,no,Male,no,African_American,1,0.974481712
0.210802819,no,yes,Male,no,African_American,0,0.837020163
1.475619734,no,no,Male,no,African_American,0,0.821674818
0.210802819,yes,no,Male,yes,Caucasian,0,0.838029437
0.210802819,no,yes,Male,yes,African_American,1,0.812233574
0.421605638,no,no,Male,yes,Caucasian,0,0.801074509
0.632408457,no,yes,Male,no,Caucasian,1,0.704521086
0,yes,no,Male,yes,Caucasian,1,1.066287514
0.210802819,yes,no,Male,no,Caucasian,0,0.658188889
4.84846484,yes,no,Male,no,African_American,0,0.750168383
0.210802819,yes,no,Male,yes,Caucasian,0,0.82534053
0.210802819,no,no,Male,no,Caucasian,0,0.958006777
0,no,yes,Female,no,African_American,1,0.919123173
0.210802819,no,no,Male,no,Caucasian,1,0.85041586
0.421605638,no,no,Male,no,African_American,0,0.953665139
0,no,no,Male,no,African_American,1,1.189892988
0.421605638,no,no,Male,no,African_American,1,0.984277418
2.31883101,no,no,Male,yes,African_American,1,0.905240351
0.421605638,no,no,Male,no,African_American,0,1.00022505
0.632408457,no,yes,Male,no,African_American,1,0.807650933
0,no,yes,Male,no,African_American,1,0.953893528
0,no,yes,Male,no,African_American,0,0.964178695
0.210802819,no,yes,Male,no,Caucasian,0,0.790377983
0.421605638,no,no,Male,yes,Caucasian,1,0.934662496
0.421605638,no,yes,Male,no,African_American,1,0.899450695
0.632408457,no,no,Male,no,African_American,0,0.923753219
1.054014096,no,no,Male,no,African_American,0,0.954095254
1.264816915,no,yes,Male,no,Caucasian,1,1.195562251
0,no,no,Female,no,Caucasian,1,1.168698536
3.162042287,yes,no,Female,no,Caucasian,0,0.820954645
0.210802819,yes,no,Male,no,Caucasian,0,0.601665924
0.210802819,no,yes,Male,no,African_American,0,1.058879464
0.210802819,no,no,Male,yes,Caucasian,1,0.873958966
0.210802819,no,yes,Male,yes,African_American,0,1.018041357
0,no,no,Male,yes,African_American,0,1.038174993
1.897225372,no,no,Male,yes,Caucasian,0,1.066307785
0.421605638,no,yes,Male,no,African_American,0,0.73908893
0.843211277,no,no,Male,yes,Caucasian,1,1.036798803
0.421605638,no,no,Female,yes,African_American,1,0.913786893
0.632408457,yes,no,Male,no,African_American,0,0.731560065
0.421605638,no,no,Male,no,African_American,0,0.838032801
0.210802819,no,yes,Male,no,African_American,0,0.856590242
0.632408457,no,no,Male,no,Caucasian,0,0.880055756
1.686422553,no,no,Male,no,African_American,1,0.834293632
0.843211277,no,yes,Male,no,African_American,0,0.730601691
0.632408457,no,no,Male,no,Caucasian,1,1.018703347
5.270070478,yes,no,Female,no,African_American,1,1.340592361
3.583647925,yes,no,Male,no,African_American,0,0.813597236
3.794450744,no,no,Male,yes,African_American,0,0.694331447
1.897225372,no,no,Male,no,African_American,1,1.07728503
1.686422553,yes,no,Male,yes,Caucasian,1,1.070266769
0.632408457,yes,no,Female,yes,African_American,1,0.949405064
0.632408457,no,no,Male,no,African_American,0,0.827755024
0,no,no,Male,no,Caucasian,1,1.068323301
0.421605638,no,no,Male,no,African_American,1,1.052582623
0,no,no,Male,no,African_American,1,0.846374958
0,no,no,Male,no,African_American,1,0.957257362
0,no,yes,Male,yes,Caucasian,1,1.046808705
0.632408457,no,no,Male,no,African_American,0,0.700630554
1.475619734,no,no,Male,no,African_American,0,0.878357415
0,yes,no,Male,no,Caucasian,0,1.206575766
0,no,no,Male,no,Caucasian,1,1.099594017
0,no,no,Male,yes,Caucasian,1,1.072538707
0.421605638,no,yes,Male,no,African_American,0,0.798636943
0.843211277,yes,no,Male,yes,African_American,0,0.722478592
3.162042287,no,no,Male,no,African_American,0,0.934739686
0.210802819,no,no,Female,no,African_American,1,0.96573999
1.264816915,no,no,Female,no,Caucasian,1,1.026750894
0.210802819,no,yes,Male,no,Caucasian,0,0.688990068
0.210802819,no,no,Female,no,Caucasian,0,0.776496934
1.897225372,yes,no,Male,yes,Caucasian,1,0.932146785
1.897225372,no,no,Male,no,Caucasian,0,0.983003338
0,no,no,Female,yes,Caucasian,1,0.922159785
0.210802819,no,yes,Male,no,African_American,1,0.599171043
0.421605638,no,no,Male,yes,Caucasian,0,0.836713335
0.843211277,yes,no,Female,no,Caucasian,1,0.924548675
0.210802819,no,no,Male,yes,African_American,0,0.762692182
0,no,no,Male,yes,Caucasian,1,1.192725358
1.897225372,no,no,Male,no,African_American,0,0.883898901
0,no,yes,Male,no,Caucasian,0,0.983080803
0,no,yes,Female,no,African_American,1,0.985328617
0.421605638,no,no,Male,no,African_American,1,0.931761076
0,no,yes,Female,yes,Caucasian,1,0.956386171
0,no,no,Male,yes,African_American,1,1.023380633
1.264816915,no,no,Male,no,African_American,1,1.043375385
0,no,no,Male,no,Caucasian,1,1.136270629
0.210802819,yes,no,Male,no,Caucasian,1,0.757397435
0,no,no,Female,yes,Caucasian,1,1.189283587
0,no,no,Male,yes,Caucasian,1,1.222202893
0.210802819,no,yes,Male,no,African_American,1,0.799092915
2.108028191,yes,no,Male,no,African_American,0,0.764514798
0,no,no,Male,no,African_American,1,0.992466016
0.210802819,no,yes,Female,yes,Caucasian,0,1.041278112
0.632408457,no,yes,Male,yes,Caucasian,1,0.891257691
0,no,no,Male,no,African_American,0,0.984295224
1.686422553,no,no,Male,yes,African_American,1,0.796826643
0.843211277,no,no,Female,no,African_American,0,0.705107423
0,no,no,Male,yes,Caucasian,1,1.092262768
0.210802819,no,no,Male,no,African_American,1,0.891923943
0.843211277,no,no,Male,no,African_American,1,0.962395227
0.210802819,yes,no,Male,no,Caucasian,1,0.906699658
0.210802819,yes,no,Female,yes,African_American,0,0.730772021
0.421605638,no,no,Male,no,Caucasian,0,1.029142934
0.210802819,no,no,Male,yes,African_American,0,0.761966881
0,no,yes,Female,no,African_American,0,0.786171951
0,no,no,Male,yes,African_American,0,0.884353316
1.264816915,no,no,Male,no,Caucasian,1,1.103535871
2.951239468,no,no,Male,no,African_American,1,1.136866236
1.897225372,no,no,Male,no,African_American,1,1.121907155
0.210802819,no,yes,Male,no,African_American,0,0.723584515
0.421605638,no,no,Male,yes,Caucasian,1,0.88468898
0.210802819,yes,no,Female,no,African_American,1,0.734915189
0,no,no,Male,yes,Caucasian,1,0.930886827
0.210802819,no,no,Male,no,Caucasian,1,0.810699702
0.843211277,no,no,Male,no,African_American,0,0.715711588
0.210802819,no,no,Male,yes,African_American,1,0.982271075
0,yes,no,Male,no,Caucasian,1,0.94201601
0,no,no,Male,yes,Caucasian,1,1.182145869
0.421605638,no,yes,Male,no,African_American,1,0.955912322
0,no,no,Male,no,African_American,1,0.981005237
0,no,no,Female,no,African_American,1,1.028794667
0,no,no,Male,no,Caucasian,0,0.939367412
1.475619734,no,no,Male,yes,African_American,0,0.771394517
0.421605638,no,no,Male,no,African_American,1,0.897797879
0.421605638,no,no,Male,no,African_American,1,0.922521012
1.475619734,yes,no,Male,no,Caucasian,1,0.874433965
0.843211277,no,no,Male,no,African_American,0,1.157982534
0.632408457,yes,no,Male,no,Caucasian,0,0.755195723
0.421605638,yes,no,Female,no,Caucasian,0,0.806445036
0.210802819,no,yes,Male,no,African_American,1,0.838217095
1.897225372,no,no,Male,yes,African_American,1,1.037124056
0.632408457,no,no,Male,yes,Caucasian,0,0.837670437
0,no,no,Male,no,African_American,1,1.110189328
1.264816915,no,no,Male,yes,African_American,0,1.02533655
1.054014096,no,yes,Female,no,Caucasian,1,0.902436417
2.951239468,no,no,Male,no,African_American,1,1.202961452
0,no,no,Male,yes,Caucasian,1,1.090306042
0,yes,no,Male,no,Caucasian,1,1.106990998
0,no,no,Male,no,Caucasian,1,0.990816573
1.897225372,no,no,Male,no,African_American,1,1.300950755
1.054014096,no,no,Male,yes,Caucasian,1,0.946833441
0,no,yes,Male,yes,Caucasian,1,0.864257138
1.054014096,no,yes,Male,no,African_American,1,0.820918204
1.897225372,yes,no,Female,no,Caucasian,1,1.004501531
0,no,no,Female,yes,African_American,0,1.176286122
0.210802819,yes,no,Female,yes,Caucasian,0,0.895401505
3.372845106,no,no,Male,yes,African_American,0,0.864347799
0.421605638,no,no,Male,yes,Caucasian,1,0.812433539
2.31883101,no,no,Female,no,African_American,0,0.767040378
0,yes,no,Female,yes,Caucasian,1,0.983804094
1.264816915,no,yes,Female,yes,African_American,1,1.16733388
3.372845106,no,no,Male,no,African_American,0,0.6802547
0,yes,no,Male,yes,Caucasian,0,1.119750021
0.632408457,no,no,Male,yes,African_American,0,0.798642346
1.054014096,no,no,Female,no,Caucasian,1,1.186681993
0.421605638,no,no,Female,no,Caucasian,1,0.834489846
0,no,no,Male,no,African_American,1,1.014465957
0.210802819,yes,no,Male,no,African_American,0,0.645874364
2.108028191,no,no,Male,no,African_American,0,0.94455911
0.421605638,no,no,Male,no,Caucasian,0,1.059951216
0,no,no,Male,yes,Caucasian,0,1.315398614
0,no,no,Male,no,African_American,1,1.083027181
0,no,no,Male,no,Caucasian,1,1.302408496
0.421605638,no,no,Male,no,Caucasian,1,1.074903865
0,yes,no,Male,no,African_American,1,0.886899083
0.421605638,yes,no,Male,no,Caucasian,1,0.891020421
4.426859202,no,no,Male,no,African_American,0,0.757375038
0,no,yes,Male,no,African_American,0,0.881650228
1.475619734,no,no,Male,no,African_American,1,1.127424956
0,no,no,Female,no,African_American,1,1.05562015
1.686422553,yes,no,Male,yes,African_American,1,0.965439996
0.210802819,no,no,Female,no,African_American,1,0.772474031
0.210802819,no,yes,Male,no,African_American,0,0.691339589
1.475619734,yes,no,Male,no,African_American,1,0.823951385
0,no,no,Male,no,Caucasian,0,1.140321278
0.843211277,no,no,Male,yes,African_American,0,0.755696731
0.632408457,yes,no,Male,yes,Caucasian,0,0.857813603
0,no,no,Male,yes,African_American,1,0.894364704
0,no,yes,Male,no,African_American,1,1.100637956
0,no,yes,Male,no,Caucasian,1,1.047136331
0.632408457,no,no,Male,no,African_American,0,0.782300248
0.421605638,no,no,Male,no,Caucasian,0,0.924397457
0.210802819,no,no,Male,yes,Caucasian,1,0.886448845
0,yes,no,Male,yes,Caucasian,1,1.037812151
1.054014096,no,no,Female,no,African_American,0,0.874652235
0,no,no,Female,yes,Caucasian,0,1.003561216
2.31883101,no,no,Male,no,African_American,0,0.773918525
3.162042287,no,no,Male,no,African_American,1,1.196616895
2.31883101,no,no,Male,no,Caucasian,1,1.309985716
0,no,yes,Male,no,African_American,0,1.014562221
1.264816915,yes,no,Male,yes,African_American,1,0.815935387
0.843211277,no,yes,Female,no,African_American,1,0.920420033
2.740436649,no,no,Male,no,African_American,0,0.84515494
0.843211277,no,no,Male,no,Caucasian,1,1.014911036
1.054014096,yes,no,Female,yes,Caucasian,0,0.82637805
0.421605638,no,no,Male,no,African_American,1,1.185910562
1.475619734,no,no,Male,no,African_American,0,0.738226162
0.632408457,no,no,Male,no,African_American,1,0.923383927
3.162042287,yes,no,Male,no,African_American,1,0.903148553
0.421605638,no,no,Female,no,Caucasian,0,0.960757836
0.843211277,yes,no,Female,no,African_American,1,0.950220673
0.210802819,no,yes,Male,no,African_American,1,0.926618499
0,no,no,Male,yes,Caucasian,1,0.924882337
0,no,yes,Female,no,African_American,0,0.942140686
0,no,no,Male,no,Caucasian,1,1.272733085
0.210802819,no,yes,Female,no,African_American,0,0.709443753
0,no,no,Male,no,African_American,0,0.979008403
0.210802819,no,no,Male,no,African_American,1,0.867433226
0,no,no,Male,yes,Caucasian,1,1.137176249
0.210802819,no,no,Male,no,African_American,1,0.939858333
0,no,no,Male,yes,Caucasian,1,1.240859686
0,no,no,Female,no,Caucasian,1,1.090496686
0.843211277,no,no,Male,no,African_American,1,0.954142824
0,no,no,Male,no,African_American,0,1.282485238
0,no,no,Female,yes,Caucasian,1,1.144052622
0.632408457,no,no,Male,yes,African_American,0,0.869054576
1.054014096,no,no,Male,no,African_American,0,0.724393905
0.632408457,no,no,Male,no,Caucasian,1,0.963526491
0,no,yes,Female,no,African_American,1,0.878110514
1.686422553,no,no,Male,no,African_American,1,1.017538282
0,yes,no,Male,no,African_American,0,0.844082461
1.475619734,no,no,Male,no,African_American,0,0.783623931
1.686422553,no,no,Male,no,African_American,0,0.78045891
0.421605638,no,no,Male,no,African_American,0,0.828777973
0.632408457,no,no,Male,no,African_American,1,1.059854861
2.108028191,no,yes,Male,no,Caucasian,1,1.121411985
1.264816915,no,no,Male,no,African_American,1,0.941124385
0,no,no,Male,no,African_American,1,0.844853833
0.421605638,no,no,Male,yes,Caucasian,1,0.861170502
0.210802819,no,yes,Male,no,Caucasian,1,0.776336147
0.632408457,no,no,Female,yes,African_American,1,0.923658536
0.421605638,no,no,Male,no,African_American,0,0.785886821
0.210802819,no,no,Female,no,Caucasian,1,1.143299294
1.475619734,no,no,Male,yes,Caucasian,1,1.020702527
0,no,yes,Female,no,Caucasian,1,0.885684535
0,no,no,Male,yes,African_American,1,0.985973131
0,no,yes,Male,no,African_American,0,0.804350965
1.686422553,no,no,Male,no,Caucasian,0,0.915738131
0.421605638,no,no,Female,no,Caucasian,1,0.965798987
0.843211277,no,no,Male,no,Caucasian,1,1.020519662
0.843211277,no,no,Male,no,African_American,1,0.784604313
0,no,yes,Male,no,African_American,1,0.922316498
0,no,no,Female,no,African_American,0,1.03153193
0,no,yes,Male,yes,Caucasian,1,0.867525091
0.632408457,no,no,Male,yes,African_American,0,0.950249051
0.210802819,no,no,Male,yes,African_American,1,0.952653958
0,no,no,Female,yes,African_American,1,1.258552104
0,yes,no,Male,yes,Caucasian,0,1.015793722
0.210802819,no,no,Male,yes,Caucasian,1,0.925764572
0,no,yes,Male,no,Caucasian,1,1.009705378
1.686422553,no,no,Male,no,African_American,0,0.857001016
0.210802819,no,yes,Male,yes,African_American,1,0.602311504
1.475619734,yes,no,Female,yes,African_American,0,0.596104245
1.054014096,yes,no,Male,no,Caucasian,1,0.897677497
0,no,yes,Male,yes,Caucasian,1,0.943549229
0,no,no,Female,yes,African_American,0,1.00548866
0,no,no,Male,no,Caucasian,1,0.909676222
0,no,no,Male,yes,African_American,1,0.860820026
0.210802819,no,yes,Male,no,African_American,0,0.645701254
1.897225372,no,no,Male,no,African_American,0,0.953631187
0,no,yes,Male,no,African_American,1,0.795969416
0.210802819,no,no,Male,no,African_American,1,0.794241497
0.421605638,no,no,Male,yes,African_American,0,0.858019366
0,no,no,Male,yes,Caucasian,0,1.068240632
0,no,no,Male,yes,African_American,1,1.014749433
0,yes,no,Male,yes,African_American,1,1.159237272
0,no,no,Male,yes,Caucasian,1,0.993632764
0,no,no,Male,no,African_American,1,0.96991488
0,no,no,Male,no,African_American,1,0.949636551
1.897225372,no,no,Male,no,Caucasian,1,1.252997816
0,yes,no,Female,no,Caucasian,0,0.925937545
1.686422553,yes,no,Male,no,Caucasian,0,0.791824909
0,yes,no,Male,no,Caucasian,1,1.081894165
0,no,yes,Male,no,African_American,1,0.799551428
0.210802819,no,yes,Female,no,Caucasian,1,1.001083991
0.421605638,no,no,Male,no,African_American,1,0.962072392
0.843211277,yes,no,Male,no,African_American,0,0.648147778
0,no,yes,Male,no,African_American,0,0.946506821
1.686422553,yes,no,Male,no,Caucasian,1,0.947537432
0,no,yes,Male,yes,Caucasian,0,1.031818601
0.210802819,no,yes,Male,yes,African_American,0,0.741042837
0,no,no,Male,no,African_American,0,1.112991687
0,no,no,Female,no,African_American,1,0.873619775
1.054014096,no,no,Male,no,Caucasian,1,0.954481898
0.843211277,no,no,Male,no,African_American,1,0.909709977
